,x_coord,y_coord,z_coord,euclidicity_constant_locality_scale
0,0.7293329668274076,-0.4894120756033727,-0.47806824173158613,4.688833666431225
1,1.4620332970329923,0.11975528671776718,-0.8344162617075203,4.31657185734771
2,-0.7363614041446621,0.49806961826516094,-0.45792852919129007,4.1976283983644755
3,-0.2319896609552954,0.8088996505889288,0.5402426792534591,4.266118851951043
4,-0.35511297888764304,-0.9297905395882956,0.09687272432243547,4.4004254498678534
5,-0.3303485845391165,0.10582934372425974,-0.9379072249961052,4.7250670716617
6,0.9317677460935014,-0.17599596664301145,0.31754414978901463,5.500010862519213
7,0.9140353687365406,0.34259215210764093,-0.21718646830065452,5.5175501027692855
8,0.8601592209413158,0.18735365297105208,-0.4743677090064535,5.112653829242884
9,-0.6282664455017679,0.7252129841195327,-0.28168670739141494,4.45258894332001
10,2.7618044612423533,-0.5261100407954509,-0.3779711467896154,4.672318478007742
11,0.9987964536045711,-0.024786568315979775,-0.04232340130529485,5.70819663085654
12,-0.0002687911655782608,-0.4204059427439943,-0.9073360849524518,4.77054154471638
13,-0.43578112835775346,-0.8955967143361941,-0.0894501729313953,4.421335919120372
14,-0.1944061003224773,-0.712555680318664,-0.6741443989257887,4.410143731147181
15,0.9867754043811241,0.09857725963185926,-0.12867332743013252,5.7524109570739395
16,2.9082038642557535,0.38539966906598644,0.16319569857917618,4.289414422069733
17,0.5193732593182177,0.20903927332638425,0.8285855415781456,4.670536410346664
18,0.3327318558066921,0.15593266615187495,-0.9300400613727361,4.326156129496733
19,-0.8534258323673892,-0.24529203098177518,-0.459887125482835,3.977584802095682
20,0.9917060220824094,-0.05546120115229237,-0.11594490472732592,5.786219903092439
21,1.3408913747516233,-0.545778285625261,-0.5173991525535641,4.701770681833511
22,1.8994234305179496,0.8350389927903495,-0.5409198038442489,4.710134654189835
23,-0.2302558349742547,-0.869628247266795,0.4367252706404692,4.376499363262592
24,-0.8152353904214844,-0.5755712553131229,-0.06410139048106246,4.362690608548218
25,1.067779689889612,-0.31205418063845525,-0.18326887832841163,5.169455895251517
26,2.470344608272777,-0.5732864730535905,0.6709087637544339,4.642418168147849
27,1.1757217247705192,0.040906062828849,-0.564705249673274,4.98026819421974
28,2.116782946341638,-0.6317738984179148,-0.7663050859296161,4.3446451533009345
29,-0.35354768561179,0.6263991189033445,0.6947144577707163,4.1699511268432925
30,1.3460957045868476,-0.7555412541590192,0.03958011753450063,4.25761059627923
31,-0.5470975991816178,0.4701286664899923,-0.6925772548344709,4.592387885379203
32,0.8564515480996207,0.04604720828517054,0.5141696221743417,5.08722213741866
33,1.2674708601836646,0.4741397811856398,0.48845934039300903,4.608505865611895
34,-0.2968006551850354,0.9545302209419381,-0.027954040678737132,4.025419545261761
35,1.556293014676339,0.6619346413328618,-0.6041246905883951,4.39659252189875
36,-0.6447193912530854,0.5833833399355534,0.49396435623219787,4.267149084648948
37,2.7954932602330365,0.5933536542533561,-0.122971191374255,4.320090834853932
38,0.7546327076911334,-0.5936712940012437,-0.27943491399901554,4.546929057319281
39,2.480265181176492,0.8427469950775247,-0.24315192377876393,4.696548741682328
40,0.12870270370303763,0.5900406894285931,0.7970493076831311,4.660737764525825
41,1.4889372021982499,-0.4241056971246623,0.7476290352637808,4.085902766389973
42,0.34664484126349804,0.9081355789540915,-0.23479166140031738,3.934458803172919
43,2.7927715407011102,0.4559949674265128,0.40445256079802666,3.996529599587148
44,0.45661899766184094,-0.8736027637571083,0.16827745579915854,4.424201665830334
45,2.3543986910081176,0.8033380199162921,-0.4785912593943854,4.411310562408558
46,-0.4682759289777334,-0.8604683357635509,-0.20077822961752048,4.363128734928283
47,0.5686809936145539,0.6829379028652318,0.45847327984475045,4.848022605662266
48,0.8383079964193964,-0.4196036282223715,-0.3480984032165609,4.808691355550506
49,0.9768045365879434,0.1789988514702272,0.11752577791085884,5.738761094515601
50,0.36891793161737424,-0.8990343506922566,0.2358745344595532,4.002948947940496
51,0.3509416288644886,-0.6902116885217435,-0.6328094485371591,4.697360890622716
52,-0.5331545121751722,0.6833433250935246,0.49878669408613924,4.143636071059614
53,-0.9977577650805614,-0.06691133068702028,0.001521856476720258,4.74723174096767
54,0.9892594647823078,-0.0020407128615944695,0.14615589905863646,5.7442459993879815
55,2.666741789586993,0.3706614977853289,-0.6465798017861911,4.425839896227676
56,2.2473566071463766,-0.2971432503136327,-0.9222367362527276,4.239931472169481
57,-0.1812014210075738,-0.2454959263868155,0.952311816136036,4.694541799844446
58,-0.4943412054818538,0.41083067418829894,0.7660580459134513,4.272740914473343
59,1.7535475426619624,-0.5711466183601379,-0.7829768365716968,4.403547295383932
60,2.313323471468933,0.9006237014780251,0.30117328992239356,4.506478138496926
61,-0.11371647328746533,0.5051781217450628,0.855490285750336,4.382125194401518
62,1.3070376458237591,-0.6456772746312549,0.3207865843816991,4.357657982889032
63,1.9982634704815008,-0.8457613278480881,-0.5335585823336272,4.676914676886588
64,0.05343432197729155,-0.9680651780154479,0.24493791937702503,4.188999661797817
65,2.791605482782129,0.5327130563021948,-0.2992951039934447,4.259238364885445
66,-0.4429221620860631,-0.8943219187790138,-0.06331085155350832,4.484290908383984
67,2.5403312062133288,0.5515576691158247,0.6354733080402098,4.279486718618659
68,-0.05847325834704831,0.3134527086826766,-0.9478018133965415,4.555847243445311
69,2.4600348086980053,-0.2075934034565383,-0.8632919283924301,4.521344115329161
70,1.052155696458773,-0.1494004346601958,-0.2815505041156753,5.361584932609583
71,0.7944191323337666,0.488319776566974,-0.3611676037460255,4.607367823019693
72,2.3585575685281825,0.8149945317741158,-0.455214656211163,4.502286918627519
73,1.4886981411068345,0.655876514409105,-0.5553345000438534,4.6733196556845416
74,2.1135023672802475,-0.16551327879059366,0.9796543100327619,4.642062406952748
75,1.181020427080797,0.11083309058220768,-0.5630173045058879,4.859245033466202
76,0.3166503511526509,0.8235611094383534,0.470616249332268,4.646683769711031
77,-0.04540368634802473,0.35005968739694004,-0.9356263787033618,4.415181651586792
78,1.405219892453603,-0.6818717980993668,0.4257786685871344,4.477185236501731
79,0.6697902949070053,0.5596699983399919,0.4880066124618604,4.5582892992877015
80,-0.5506463674686641,-0.5575530726270903,-0.621227131730139,4.237543519919554
81,0.7277706118936272,-0.6503867094328794,0.21759380656867652,4.577534012544036
82,2.689854054877439,-0.19699070634288507,0.6966319290584423,4.254472959781876
83,0.17811383673109737,-0.5385127838428229,-0.8235772233390023,4.454941141426815
84,2.572203631816291,0.810363244907199,-0.1260730543761115,4.6485844952077695
85,-0.8946558684313596,-0.44471895965414915,0.042613659845887074,4.850687286774182
86,2.0177656011475475,0.33075807324515777,0.9435483455547029,4.422863893496417
87,2.2384597915745985,0.72397222026997,0.6473029832154097,4.597439098980402
88,1.501468909996393,-0.5265812661350708,-0.6886065077062525,4.494658953572787
89,-0.1522475318144902,0.9880204869805664,0.025223131508203572,4.014859538890171
90,2.0084760922380984,0.9573642196828657,0.28875925393204166,4.212709936580329
91,-0.8384919190342436,-0.3580639138492155,0.410757270554342,4.884125657166609
92,2.3338457354565554,-0.3252504011398594,0.8847367978533686,4.493700157868325
93,1.7348705924277277,-0.7482821124982894,-0.6080956153068967,4.445560099210558
94,-0.3899895985527693,-0.7004728303450117,-0.5977005328499365,4.379467658587934
95,1.310334893055963,-0.5731861578381272,-0.44251516214321496,4.58236069736346
96,2.158856624998964,0.6129316568590139,0.7740021684168611,4.471631179851793
97,1.7110901237634655,0.8721669706120724,-0.39478583914111076,4.769508663978029
98,-0.7006251018587899,0.015194379401540808,-0.7133677855636334,4.513608089192746
99,1.8747171878026094,0.9440359412509073,-0.3051235136701643,4.564529321949633
100,1.229590903556357,-0.605794387834416,0.19870325559792631,3.887432245875417
101,-0.7671354386766708,-0.3889280088756944,0.510135494391774,4.373749921975631
102,1.8361588918479588,-0.872782486704415,-0.45978997616473644,4.620402711386207
103,-0.12390018867876541,-0.9086637852251429,0.3987215427659781,3.996010513661686
104,0.5113531321930584,-0.2550857441669811,0.8206395294641406,4.3283782857930095
105,2.7623144392354595,-0.640529369765868,-0.0927298344680231,4.934668874903471
106,0.43598868184997314,0.1756976926454262,0.8826347999585086,4.642360921965411
107,0.7775019416409414,-0.5765442507532602,-0.25117216738310777,4.401434865649225
108,0.9890159464762893,0.041408588094491314,-0.1418900505589815,5.729729745613807
109,1.7281106981307395,-0.8828798203392973,0.38288305050850197,4.663710390139978
110,2.2114053945975845,-0.4772684361729209,0.852949353108433,4.459233735095206
111,2.734537465647504,-0.6203037682663042,0.2750962497649952,4.319619970873503
112,1.3267088293713856,0.7321328861598517,0.10324939010374555,4.831893957454629
113,0.12494104378585856,0.9544385050873595,0.2709923902701081,4.413755259396578
114,2.836126672791437,0.5480089908957199,0.024048553889504668,4.147790291679309
115,1.4113010790721416,-0.3063643208749627,0.7480471130839275,3.613822938261203
116,1.095203658182812,-0.045201796841337384,0.4234387528280199,5.27882049903138
117,2.0065167009949993,0.23039863064836572,-0.9730745108179023,3.939242185411972
118,0.06059001580387022,0.04078631472074791,-0.9973290963951602,4.573000168357324
119,2.2282011480344734,-0.938558063523679,0.25890731436255365,4.567069380642786
120,1.5800856092718114,-0.7181303243334642,-0.5549421066490519,4.5311880406375185
121,-0.6306774759501552,0.7603286243611856,0.15539081152426112,4.184995793254399
122,2.5057986172710036,-0.515399110053079,0.6917597242708154,4.527905564959945
123,2.640772525541742,0.3746661495222092,-0.6701013706246683,4.428088801952524
124,-0.22324132060863405,-0.8373600158587378,0.4989904975187079,4.480185765654296
125,-0.052626896333271146,-0.07557871572423697,0.9957501029434053,4.594567849747912
126,2.8873235436704983,0.28333634871226426,0.3638371096334614,3.937128890268164
127,-0.19929009887994248,0.5979870367899905,0.7763343096369948,4.39715021740237
128,1.8212164015427459,-0.9392020141747303,-0.29314842911536315,4.545371216745937
129,-0.1672819793724394,0.07416610602049031,0.983115521235931,4.356005913933496
130,2.9325557589154294,-0.30119142681851074,-0.1990564767213002,4.512778108855833
131,1.3460957045868476,-0.7555412541590192,0.03958011753450063,4.25761059627923
132,0.16528470738741377,0.6649798883599697,-0.7283424425231714,4.242709825435177
133,1.7296031702310053,0.7270254087644903,-0.631125668517533,4.5750797017944445
134,-0.14005419984011172,0.5782019790313698,0.8037831128801807,4.274601956630354
135,1.7140657509895372,0.23071252065529618,0.9300609324424407,4.68720635875649
136,1.4113010790721416,-0.3063643208749627,0.7480471130839275,3.613822938261203
137,0.7222922995285286,-0.22579078689298543,0.6536913297543703,4.385487773018299
138,2.3928390412191156,-0.9194261276996668,-0.018250572518197745,4.687204965841285
139,-0.43102927226221843,0.9004034262080549,-0.05905452163804354,4.004469377835734
140,1.3648160992353724,0.7367288075179571,0.23188806865080483,5.036639456068037
141,-0.030330694219710266,0.9956389461757279,-0.08822209386676573,3.7964352968850648
142,-0.9748876814479212,-0.06757398537533106,0.21219746714226134,4.738608660783874
143,0.3230610637763723,0.9226321716031992,-0.2106689939085565,3.9752283424594417
144,1.0682356941438966,-0.26563099880747004,0.24749838545946096,5.440498130031756
145,-0.9546264923757125,-0.2748067762749245,0.11475842351578032,4.662510445729384
146,0.3983950901216394,0.9018915744688237,0.16695190945034724,4.2708814639051615
147,-0.8940003042301441,0.44144866691651624,-0.07672372849412598,4.489393040772246
148,1.57599086505067,-0.741266611792631,-0.5203268816052021,4.488736164691996
149,2.318726174456264,0.5363747310403798,0.7814830603524529,4.547967169101708
150,1.8526336837749908,-0.9829257044501097,0.1101827045117623,4.5039135257632985
151,1.2247976654856951,0.2584018656411409,-0.5764458486247857,4.47203737857625
152,1.3604524204507227,-0.5045585935864675,-0.5799995854573574,4.741198712114103
153,-0.2822193330693033,-0.7495656010973466,-0.5987517496371021,4.471319178694116
154,-0.09747793451959592,0.9735728090750643,0.20652853970210058,4.13922331671641
155,0.46014267892369687,0.37384940707937453,-0.8052982899890722,4.524997755268552
156,2.9207797558127035,0.16756362097026484,0.35225995261004583,4.416706018274754
157,1.647377628016656,-0.8127867930501184,0.46371876371368065,4.717688127562139
158,2.3902582635703906,0.056631913714174864,0.9189620852157578,4.441288675870722
159,1.590212677175441,0.7309879512634893,-0.5456472900692236,4.6648963051043095
160,1.6454572383529946,-0.6117280254926604,-0.7071691827211972,4.477579805439087
161,0.10888861387401645,0.9634728129995498,-0.24466999893597483,4.155775195715902
162,-0.5271944500210567,-0.4575712053968721,-0.7160269574943733,4.254710885567989
163,1.5663727351686412,0.8788943597084441,0.1987765068300543,4.86975865909984
164,2.6602329754991523,0.7445979528138781,-0.09831737755309339,4.367946654135758
165,-0.8618621970962731,0.32653943976409394,0.3880277663968608,4.361923645621057
166,2.0074707917368078,-0.959136717394143,0.28284438233278214,4.3229239918888505
167,2.688584159567587,-0.13859209019920518,-0.7117893562893559,4.459198036770425
168,1.829608402518296,0.7506294935386669,0.6383745506656083,4.457372162082394
169,0.4700028059206065,-0.24212214083466127,-0.8488075349243768,4.457583757610423
170,-0.6172048249497266,-0.06855410311655137,0.7838102697749388,4.547786519301905
171,-0.7646150240121088,0.5836766159711994,0.2732864303681608,4.403250242904796
172,1.502622477870159,0.6515736402700487,-0.5727716750898358,4.7069631430048195
173,2.9479567070460404,0.22319794583975597,0.22706994195476526,4.38368384228256
174,-0.2942514887225772,-0.9419631816271866,0.16162124193104963,4.380041199329106
175,2.2154929426998677,-0.5586163321674109,0.8009435592364672,4.307490990519951
176,-0.8473220500643199,0.07558031179859574,-0.5256738151584359,4.358102600838469
177,0.9889829277057309,0.04297226091812493,0.14165505108602963,5.893019093908078
178,2.6206489604242353,-0.5381304781767253,0.5702722651344752,4.355546608676587
179,-0.06213880092256273,-0.4537656128021987,-0.8889519323665094,4.589873097976811
180,1.4593192643262145,0.6256460245518146,-0.5623445509949965,4.6600858464884185
181,0.9405338469725043,0.015941504583977743,-0.3393257301336,5.423166492170616
182,-0.38354402649838126,-0.7777456824071458,0.4980016397909268,4.31286774201428
183,1.4545512532793239,-0.17401143311340359,0.8198815071988532,3.4320887929596093
184,1.1572409724401274,0.5358928167362015,0.0507553981057932,5.111540292982015
185,-0.499375158033864,0.4137770904833341,0.7611918095524938,4.266936104854864
186,-0.14285961891304616,-0.5993204640989254,-0.787658625672485,4.2969663867284975
187,1.0769757278020564,-0.17399702564557387,0.34314898805030764,5.395062979805457
188,2.6552549780445664,-0.5575840429365703,-0.509647867463726,4.447229084715152
189,2.491582909690702,0.6711722546976483,-0.5548639900228687,4.565005165890739
190,2.575828165682513,0.7841097337162878,0.23150345374979764,4.564020211993041
191,2.3652950094057315,-0.6196660628759129,-0.6946751230777823,4.313711157517177
192,2.0724985068081474,-0.49852506530877055,-0.8638383678498397,4.179255339956881
193,2.5838337001670935,-0.7945768824608456,0.166690696824999,4.533820372628419
194,0.2871147667716744,-0.54422753106379,0.7882775558988462,4.413964467858501
195,-0.01487958933652241,-0.03626353653283958,0.999231481559357,4.600534766061173
196,1.263320770206871,0.2914339964513552,-0.6102212206272357,4.539382595309723
197,1.0662228497318735,0.23636647430373725,0.26868405881696356,5.58099311062719
198,2.569388161657187,-0.3839622225315651,0.7268907297753011,4.232228541131016
199,-0.29879288816615895,-0.5635341638688566,0.7701636554226342,4.325059873911843
200,1.4321543189969184,-0.034762763163662766,0.822400652275625,3.9615949635324625
201,1.2304512713711242,-0.5818437882685467,0.2631588119728993,4.151600979044955
202,0.8061429236975929,-0.40247530023487454,-0.43375940251842915,4.632975242923176
203,-0.21117602162433263,0.5684875044207492,-0.7951268107719597,4.348002249782398
204,1.0769655504890832,-0.3157157314471263,0.21984308479659853,5.37642858067816
205,0.4635387165617165,-0.8780000669025021,0.11936390060449015,4.491898365546972
206,0.24004382510025288,0.9702442872100566,0.031701501028945124,4.225293143583431
207,0.8156141337556009,-0.43302968931748054,-0.3837432383608955,4.6907140137894965
208,-0.9241884819997874,-0.0742349010175791,0.3746529450169035,4.705241619654135
209,1.5087802350962143,0.7532830520674446,0.437341726840494,4.9364330210869545
210,0.44980257720751143,-0.8928497977928161,-0.022290807944256624,4.4413376682269
211,1.3451595425300598,0.7388072131390162,-0.15921016636609492,4.949108128167286
212,2.82859526541709,0.3348637556573908,-0.44866039637504096,4.42119957828727
213,1.7683217250827508,0.005146523949079774,0.972778849596664,4.6207341331270415
214,2.5637144501426685,0.0023963066637244677,0.8259662683274192,4.387804797310376
215,1.355803276866137,-0.16670203769562295,0.7464723789476204,3.246093986762855
216,0.4528526141442985,-0.8801281574035004,0.14247433596333897,4.408013618679678
217,0.27910139954168134,-0.8769362706636658,0.3912610202516685,4.105448434123059
218,0.4840872003695986,-0.7830661547111121,-0.39047020345255123,4.85693201307701
219,0.751040053125344,-0.6478981026398634,0.1271490747003117,4.5356503339072365
220,-0.4983022672436986,0.05730641289871038,-0.865107406915738,4.564235422637409
221,2.733570891530426,0.616973023298714,-0.2849877815291384,4.4199810874930865
222,0.9176840388157504,-0.3207591846230014,0.2344558602014447,5.538348036822566
223,1.9095806088676155,0.9958753080367012,-0.007530242363584019,4.479299851131661
224,0.6485525416585838,0.7604200177492334,-0.0337786517559028,4.136329840166024
225,2.259467773059998,-0.6310631524148538,0.7310511421285874,4.5745997356602315
226,2.98982437076465,-0.0982990252588075,0.10288351021195109,4.406223088907537
227,-0.4150778267232989,-0.6538521656016916,-0.6326039387331076,4.319093386853384
228,1.591296396746113,0.3900803216868146,0.8251052704473536,4.540048506555059
229,2.953801906136219,-0.2046530868880526,0.2199523536543913,4.661995060180263
230,2.4763948603929062,-0.5582261945192045,-0.6792874595808688,4.381164648041322
231,0.32759154767565074,-0.4646026880915276,0.8226956424520543,4.554278407348907
232,-0.11371647328746533,0.5051781217450628,0.855490285750336,4.382125194401518
233,0.29716619885203077,-0.18496284440569172,-0.9367395563598194,4.386159877705342
234,0.158965265887476,-0.8282487450807664,0.5373397998598834,4.162810927506482
235,1.6137415013008858,0.9150491223663563,-0.11614420277942221,4.574495637674088
236,0.756143103397111,-0.16901226011128404,-0.632204447245558,4.592899182145146
237,0.31498232852855557,-0.9190569319786758,-0.23689763294864935,4.746416867971703
238,-0.9409801917384736,-0.2865002793847719,-0.18020507392488488,4.171679422101353
239,-0.9046343829810441,-0.4139653226658425,0.1013377755758941,4.878016374074659
240,-0.21238990499809196,-0.511912544938573,0.8323677520119426,4.465052698282318
241,1.034411671216001,-0.09065408584565487,0.2437642632454808,5.596103422515243
242,-0.47729375523331113,-0.45591419288116825,-0.7512209528126842,4.320048931865186
243,2.576902164522683,-0.8153847049724361,-0.04828742554802864,4.510010167247244
244,1.4736290822052707,0.5360591282029429,0.6599805057501587,4.407041855861845
245,-0.6525380990467223,-0.027081666592360637,-0.757271822153096,4.556865576288283
246,-0.4413394390527661,-0.662845808213343,-0.6048594333153693,4.485053609739113
247,-0.9406175613460102,0.16105627793109045,-0.2988301835934049,4.212841480426797
248,0.8324543472842462,0.3422410823855337,-0.4357646167544334,4.926049756171132
249,0.15411684763804384,0.9652490956541226,-0.21105018505798714,4.226908093117307
250,0.1840279182550632,-0.05890273603841497,-0.9811545204451216,4.482290654117269
251,0.5061911133204194,-0.4587410780419181,0.7302925305056687,4.2573617679083435
252,2.1753835429262365,-0.3096180935410421,0.9345465472744798,4.29306585053363
253,-0.9673774791780204,-0.10385939488528616,-0.23107150164665646,4.279342548002691
254,-0.4940362061505419,-0.851441614795218,0.17599830569437597,4.518366046085335
255,2.5008224905907457,-0.6838181050214653,-0.5306313524127036,4.5405176706397405
256,1.3827589471781607,0.7857310183138364,-0.040499994702336145,4.876880439530905
257,-0.41854296790074175,-0.5446700017961004,0.7267436777600991,4.2971789529923035
258,0.5473015619301778,0.6131684682551977,0.5696362258901397,4.700189206106756
259,2.3429013529770857,-0.7932239194868704,-0.5032042087268062,4.337115031397249
260,-0.9796945875749696,0.18960980795958737,0.06516621672184714,4.493417427388894
261,-0.6924587609412954,-0.5064763404493214,0.5137923519873655,4.521218296570857
262,0.08872614615999114,0.4188074249290744,-0.9037300547242376,4.3546585213978215
263,1.5546347893249446,-0.7291035054501417,-0.5196709607633264,4.549137772033401
264,-0.838285959790078,-0.4427879099135298,-0.31814386125342037,4.285574097448737
265,0.6008387253730086,0.28991847442842106,0.7449430208259121,4.703611295831532
266,2.2194932131924756,0.7873301329891368,-0.5761371286853075,4.6416440577443945
267,1.1255608858882762,-0.06541952103714478,0.48070419384354707,5.131526862104381
268,-0.6815779745879661,0.3890059751483647,0.6197788443109652,4.488327171037345
269,-0.12370575269297214,0.3619127271739756,0.9239675668875834,4.159281439038979
270,2.4268882172622486,0.45887676110261727,-0.7792294707482711,4.170089724488821
271,2.465407270918926,-0.8574871295114366,-0.21934423835157893,4.28771627103494
272,-0.8267109584082266,0.3385519579517302,0.44936795948843655,4.388831782791586
273,-0.09295833095446229,-0.9822116065004728,-0.16315363545419706,4.583693486741558
274,-0.1292841604236377,-0.9906782253728615,0.04292155211118051,4.384635091451002
275,0.29026473955216714,-0.5139205414244293,-0.8072372997295987,4.3086119978125
276,-0.9673774791780204,-0.10385939488528616,-0.23107150164665646,4.279342548002691
277,0.3098848889867862,-0.3557423306975519,-0.8817135304210325,4.397827448799385
278,-0.9879231929905582,0.07355383503543726,-0.13637301090362333,4.395321371110753
279,2.232044959477852,0.8897571603526887,0.39304876590830556,4.6282656987424
280,1.0600071335028312,0.09718087706199592,0.3270615967488341,5.609292606216384
281,2.9719919088777007,0.1968449467764075,-0.12838923632796062,4.396258002606568
282,0.7029086919362896,-0.5914842356851072,-0.3950516038904525,4.51472548094711
283,2.0064946525359004,0.9846891307045799,-0.17419855154592026,4.376682764858567
284,0.08745485299101323,0.3693727471908909,0.9251569717193804,4.247282175394755
285,-0.6816345962733584,0.6599537803081277,-0.3159672214332799,4.497401815277671
286,1.8765910605489147,0.020606753008762465,0.9921419230100069,4.638628913978628
287,1.1579872586059166,-0.24614042212166126,-0.4800306614454857,5.094510912007932
288,-0.09119445455417734,0.13137435931958832,-0.9871293477411832,4.550791602815717
289,1.185803012013022,0.39168436097631965,0.428563444684104,4.871648553581386
290,1.4522841000816848,0.4204696447168963,0.7233343423675647,4.350482824495162
291,2.5766442505623877,-0.813320899717655,0.07739846494476658,4.433793839214424
292,1.9591701532098245,0.8410037822420455,0.5394863870994936,4.431717277758216
293,2.6526897339341278,0.6957171902768255,0.29995616741503567,4.321540068153653
294,2.903593760654051,0.010925051891690218,-0.42825104663997426,4.593292549238858
295,-0.33649728740644724,-0.04893707837245787,-0.9404120043515346,4.604495565439097
296,0.9624877941812718,0.24155297522053853,0.12356943883572319,5.6839893248712965
297,-0.4962553554569274,0.6083301323384842,-0.6194070327897164,4.585234584291894
298,2.8827851937203,0.45374508059655566,0.12167868992817861,3.9901479991394715
299,1.911864220042978,0.6268903628799332,-0.7741062958144916,4.34571971101648
300,-0.13857856629086007,0.26948065947218897,0.952982767491209,4.37132187132754
301,0.8714680469077556,-0.3354628877119039,-0.35778218819104535,4.954927539881375
302,2.6947371752119107,0.5384513752878975,0.476875637697237,4.05837127718967
303,0.71291786799281,0.09588171885111425,-0.6946616510839951,4.329923192137741
304,2.912261386818164,0.40257036984877437,-0.07560594844600904,4.420750494343382
305,1.5440782302433294,-0.8896680986981135,-0.025020272197346947,4.434885651386729
306,2.2832296758835353,-0.6735498123495756,-0.6827236637049863,4.406086715590819
307,0.4788570078394268,-0.8770274380009733,-0.038972285492644955,4.327154815976702
308,2.8037730508027776,-0.5847739304458097,-0.10949124656407316,4.698419962232317
309,1.9779674060579384,0.7608677769987642,0.6485327984991532,4.537450858610057
310,-0.10654299994883697,-0.10184095052302007,0.9890788694328021,4.663431576219778
311,0.004715439705619456,0.9993138507779974,-0.03673679724245065,4.0440035563745695
312,0.03612709068464002,-0.6164963965110543,-0.7865284650968132,4.581801276019224
313,1.4897629137804005,-0.547096637153475,0.6635837441208847,4.048828419569658
314,2.8547574542805574,-0.45853933119055384,0.24316943908135488,4.15976663825641
315,-0.5249038153648871,0.7785464740335687,0.34400780861091257,4.421765833863339
316,2.8919627129479575,-0.1321571559739617,0.432362122341208,4.158342518836066
317,-0.13156075364812092,0.05174135707472017,-0.9899568677814224,4.626365076010738
318,1.3611587889946088,-0.5551280405704409,0.5326488202311054,4.194064753917609
319,-0.6550735486173617,-0.7552510580439318,0.02178268177655855,4.456914680843266
320,0.25085601920026435,-0.710159416317807,0.6578334599624348,4.419687689032543
321,0.5062973522841966,0.7981336949528872,-0.32656637311710995,4.225220467087976
322,1.0600550028682456,0.2717823363222617,0.20648913780196596,5.521889650346183
323,0.7983589349599564,0.5935899683204439,-0.10136054695461458,4.636643769187237
324,2.290491537063122,-0.13608706567717802,-0.9471509792266914,4.335204461636719
325,0.5309828691400753,0.7131971321550212,-0.4576101434251943,3.928687139962556
326,-0.6640125902064786,-0.4175167104355351,0.6202959588409171,4.345204861643138
327,-0.8502919520396063,-0.4322862197858589,0.3002202865895776,4.884527359918035
328,1.4980905164905667,-0.42207488890256084,-0.7549434803488172,4.692231348913237
329,-0.9678700018870058,0.10984239939816487,0.2261908635239307,4.739095619617665
330,0.5547527835051305,-0.3497567051285199,0.7549301930714862,4.4040046340627
331,-0.9879231929905582,0.07355383503543726,-0.13637301090362333,4.395321371110753
332,-0.4687144001719307,0.8514359589859616,0.23529474880907,3.981099023171121
333,2.98624968998865,0.05255251302369404,-0.15668370168012383,4.705082964877732
334,-0.7183717490305559,-0.2183312607687524,0.6605100232138094,4.543121142606001
335,-0.8821952899185126,0.438839749008298,0.1707370643297045,4.234057595974522
336,0.857865516668116,-0.04723138553767528,-0.5116990829891507,5.059806716879781
337,0.15056111733363986,-0.8784747201780951,-0.4534462657859952,4.847494572154266
338,2.1876044636110823,-0.8534554941047271,-0.4862286343024792,4.441600373910777
339,0.07824396147922819,0.4386939395036666,-0.8952237206055201,4.265080841558309
340,-0.8904180806748238,-0.22988080746858217,0.39282369577834275,4.917166219576253
341,2.799303185501743,-0.27988030418669757,-0.5317719746048376,4.486854813702282
342,1.8014380221454522,0.54574028670167,0.8140888651868844,4.571400512415443
343,-0.8256251761603951,-0.49476967883212747,0.271193719319733,4.820983319897058
344,2.164883458107005,0.6933775540093393,-0.7014563513424776,4.28475257251623
345,-0.14420159103980423,0.9717891853359739,-0.1866324741453991,3.989103656806433
346,1.1724884257749615,0.5410951231029585,0.14980207701428183,5.1336085497670405
347,2.14875571871821,0.8984753260316406,-0.41305426357921327,4.666281223123301
348,-0.19759340580731163,0.9230306663359141,0.33010791415072943,4.097952537856744
349,0.5051872418423705,-0.793221533029075,-0.33997860258949,4.872956882579461
350,2.1505699781373884,0.6560850447952014,-0.739514094307732,4.261865222521087
351,-0.9655963129419098,-0.26002364680643536,0.003385784173779441,4.7698531742683645
352,2.675303445845324,-0.5218850803544943,0.5211537382892059,4.088214688383922
353,0.663849850106112,0.37693169682884553,-0.6459302380596686,4.742348101117036
354,1.8582785026696513,-0.03845684845118774,-0.9891592834329799,4.603302126764711
355,2.553176822578355,-0.7859697792417816,-0.2761284285993398,4.439771410402482
356,2.9207797558127035,0.16756362097026484,0.35225995261004583,4.416706018274754
357,1.5536293327585684,-0.0036146559483545113,0.8948408583032037,4.163140775158502
358,2.273029710884053,0.6426960720056089,-0.715818787126415,4.33799714206539
359,2.819242158861952,-0.5590514142613783,0.12768633973750182,4.635355713532659
360,1.0941266115373725,0.42273967807687374,0.026164262930539268,5.590662510131891
361,2.7882767023198833,-0.1333108373194419,0.6007063019753326,4.081460326028715
362,0.6755567194346905,0.5819569874428421,0.45271313609513325,4.342638964968233
363,-0.6437003494937463,-0.0663513364328946,-0.7623958028578055,4.501061013721533
364,-0.022310719314963173,0.8500568033655034,0.5262182654143344,4.509739573370524
365,0.49283230464333355,-0.14554555221972568,-0.8578652643212661,4.275294409567933
366,1.6319460445533687,-0.22319310332500142,0.9026190361986858,4.046052531129033
367,0.5704185657620149,-0.7351039013866976,0.3663944786702747,4.303446144794823
368,1.6708610574206764,0.9149470390474888,0.23353687549506535,4.860875032670715
369,1.8569122683701629,0.48233517665618564,0.8642214290429705,4.4750046826651895
370,0.06264688687923185,-0.9477676101777127,-0.31274898027390596,4.68472832325592
371,1.6364964532413746,0.24915506829830858,0.8976563504120967,4.670843318260452
372,1.9539709474322948,0.07520150355634561,0.9961054463170977,4.585666584857754
373,-0.2364023245072341,0.17018588682924154,-0.9566350949509018,4.854776657866236
374,2.4623368444025884,0.7351418231144429,0.4957934471287717,4.392146072574913
375,2.7335227193824956,0.5911928905101591,-0.33531386246314376,4.346383369172104
376,0.9025160550142648,-0.37237376750125395,0.21633896486396237,5.473865769427748
377,1.9645714148190176,0.7160131471461089,0.697187197577522,4.515453540707236
378,-0.3278597940098297,0.3211302101487254,-0.8884724776838433,4.579174644014837
379,1.9981653199361784,0.35710783334769625,0.9340613627116676,4.382694324185999
380,-0.6774227725050309,-0.48417616115567574,-0.5537795881577348,4.098730186783956
381,2.727566517687358,-0.5794176331285803,-0.36731753124505984,4.616960838062738
382,0.10110937279459403,0.35405014448295574,0.9297447982778295,4.136710623486362
383,2.5979569641737816,0.10621294220542528,0.7944597408957498,4.498880061111095
384,-0.24922152912393317,0.7450194279348261,0.6187363585734985,4.500477064157925
385,0.8230609804079019,-0.43336913789559456,0.36709918666433006,5.094574694006238
386,2.0064946525359004,0.9846891307045799,-0.17419855154592026,4.376682764858567
387,2.7074246790797885,-0.4749770486061042,-0.5233995860967915,4.56183649109963
388,0.04967941686567623,0.8979181697833961,-0.43734987814417253,4.130108505820805
389,0.42762102575956823,0.5856695903207277,0.6885719928241966,4.774872097718176
390,0.0778908622810955,-0.9624924870654086,0.2598869483366789,4.186216863110055
391,1.6449518932901595,-0.796080299192158,-0.49009896873986775,4.6663135513870575
392,2.3095492317526585,-0.34480274903370706,0.8861660890488516,4.5291859692904906
393,0.6170907426608975,-0.6530606490807778,0.4389883870268271,4.462052193077555
394,-0.41883700215164915,0.39418884845293084,0.8180407797805509,4.4928438140081095
395,2.1488398025168474,-0.7890527150403667,-0.5960222530024964,4.523305798800595
396,-0.5509369355266325,0.044647600361078926,0.8333517173765951,4.367645706454756
397,0.6174548889057082,-0.7859513219497313,-0.03209329668185197,4.675913664157047
398,0.3243806274136895,0.8876626385646151,-0.32685202868455115,3.6380102550404576
399,-0.2901063926786726,0.42546986697397887,-0.8572127351037855,4.379127140189001
400,-0.45312205994146315,-0.7334381142120592,-0.5067039879608836,4.196771681547371
401,1.593259281910603,-0.9127302638806656,-0.038541583315326415,4.48351209078509
402,-0.8211863502440933,-0.40572419788236447,0.4012989576680923,4.837187040728707
403,0.8435400485705892,-0.3669491364509313,0.392158791454997,5.048426483486808
404,2.1876044636110823,-0.8534554941047271,-0.4862286343024792,4.441600373910777
405,2.477062387597376,0.6240595778399823,0.6188385263104376,4.313220733112804
406,0.7739020332877892,0.006474874588025703,0.6332722312497959,4.459402750328881
407,2.802709080732727,0.019673026716739886,-0.5960462261679235,4.593287406592047
408,1.0195757484172616,0.12865827714951372,0.14904809502085675,5.69890628812854
409,1.6431847933214474,0.03719038782934778,-0.933434402267264,4.0994866161753665
410,-0.43711916178007804,-0.6717487217121597,-0.5980639541744358,4.485053609739113
411,-0.30901287971742797,-0.6975173127123272,-0.6465142215259584,4.385269566291347
412,1.194007702764957,0.30887626168135146,0.5049473950497532,4.739319436952494
413,2.372328542878247,0.8564783904106293,0.35751394786466617,4.407680307374754
414,1.3558819025470799,0.29955670256120853,-0.7038307029991562,4.426620533230317
415,2.2559180524449096,0.19234517190102518,-0.9473696666450586,4.17712514098861
416,-0.6941473520970138,0.7166213403172277,0.0679213381688277,4.519331505296792
417,0.29552709219263523,0.6788456820671355,0.6721847050617645,4.617207428863233
418,2.2769520430361445,0.846203533831337,-0.4552330668893277,4.636852678578015
419,1.5274820583374598,0.7986415691563179,-0.37269080861020776,4.7658554436580065
420,1.5188809439465292,-0.8175940310232398,-0.3163296608561813,4.745927652186276
421,-0.14380750111847485,0.9762525563336409,0.16201959410543934,3.997968914177967
422,0.04967941686567623,0.8979181697833961,-0.43734987814417253,4.130108505820805
423,0.4219223145973871,0.8258498362509502,0.37410374016983877,4.681785353160975
424,2.1294854693053082,0.7517464854615309,-0.6466148272619647,4.556278980074086
425,-0.13511753962398712,0.41563558516897464,0.8994388866550103,4.346251800791362
426,-0.7363788022922297,0.6598530883761112,-0.1494662547037601,4.337080616776477
427,0.8184648575835423,-0.08363904560398173,-0.5684362646341338,4.88943200776014
428,-0.6318263631354779,0.4375854250743595,-0.6397768693923588,4.458548315048937
429,1.37338381070253,0.4973264770804632,-0.6000154385555866,4.259945703415239
430,2.187119106062809,-0.9802622900257947,-0.06381444115276727,4.134188533232573
431,1.6234229573824985,0.5468967956355463,0.7477256354419234,4.602032860817564
432,2.783456980749597,-0.5927007282094451,0.1868181096540686,4.6761274755767746
433,0.9906408721537767,0.13070713888846214,-0.039323100869549626,5.7830062212500195
434,0.7262428733268654,0.47796746087046815,0.4940833890053136,4.397769668539198
435,0.062406133016018245,-0.6542883099029009,-0.7536658955308995,4.544234717391134
436,2.5471188504757825,0.8283321724873088,0.12052707362461546,4.6736137218030915
437,0.6825532301111251,0.04765768765873333,0.7292803527258171,4.6097278695411505
438,-0.7271543002100648,-0.6854445315964769,-0.03758214723106376,4.3136435057637295
439,1.481232440232493,0.09698349234369365,0.84939650408139,4.161123744868954
440,1.795389522549372,0.6101063032138504,-0.765444218278612,4.527349773256184
441,2.0986634877529697,0.7829382347827809,-0.6142257212944138,4.575781349200478
442,1.9238600087777256,0.22133227698203728,-0.9722215410607907,4.28755755787392
443,-0.8633153301637868,0.206072452624647,-0.4606742720984693,4.272530673195986
444,2.325594907381317,-0.906639534293431,0.26831457497411887,4.572790672772257
445,-0.4687144001719307,0.8514359589859616,0.23529474880907,3.981099023171121
446,0.6453837489393722,-0.493661481714245,-0.5829049305647168,4.57119496956577
447,0.42762102575956823,0.5856695903207277,0.6885719928241966,4.774872097718176
448,1.4783655446657906,0.3335990103417032,0.7852446722565005,4.406131047029255
449,-0.24431655498584717,0.9288436258505102,0.27849405680682887,4.06078546104303
450,1.095019756313578,0.14246400576445936,0.40089246138934626,5.501418992085527
451,1.9806729617159493,0.2542073758416076,-0.9669566048478548,4.140382050628965
452,2.5958080668217782,-0.6446298254275062,0.4790251931573106,4.559671097706071
453,0.848619712864287,-0.3101242446152817,-0.42856450604306495,4.908647713222208
454,0.5917375793292463,-0.6974183212787178,0.40429484581718184,4.396698211717629
455,1.9201117843239777,0.9851929586334645,-0.1516993976756063,4.50516603191698
456,0.16528470738741377,0.6649798883599697,-0.7283424425231714,4.242709825435177
457,1.9460491852354758,-0.8339398544855132,0.549211824970043,4.536695149799624
458,1.9287134405035216,0.9380555601404144,0.3390722526613,4.237100527276835
459,-0.8812976326628786,0.45446322787578886,0.12952859596060176,4.438007774921784
460,1.8221959398389727,-0.07444018795958603,0.9812463373724232,4.513967856184445
461,2.333594628966986,-0.003695245427845125,-0.9427093765766874,4.10460376125501
462,1.553117254411775,-0.8924026246037324,-0.06255691245497486,4.415909719671894
463,1.4252986212153163,0.8181869565848205,0.01698320633602583,4.974467627070216
464,-0.1039749131696056,0.7427415396198492,-0.6614561381939916,4.647612899249307
465,2.2702726475812107,-0.732295494295838,0.6250568014216444,4.402667636453514
466,2.394121622607255,-0.3639161441882136,0.8439390893853704,4.537781308325038
467,-0.06365355512816506,0.2831992759036902,0.9569463908951071,4.287082922167943
468,2.6531047792287326,0.2803768608944463,0.7034507539434192,4.27757758661236
469,-0.1385735867612171,0.9902481944341535,0.014348326453998996,4.011545734664753
470,2.9929963764346987,-0.08435632319511951,0.08271763490670074,4.681211830241742
471,2.562005382358781,0.6707798124277462,0.4839466845006359,4.342014347778252
472,0.5784078113248711,0.4996600219226178,-0.6448133577173022,4.511299271061953
473,-0.9726622787438001,-0.22419235831199072,0.0605464943941928,4.65625438211565
474,2.3292632175929744,-0.8641538292169353,0.38055734520572515,4.517486422998874
475,2.9845124549877844,0.14280794235142844,0.1016912856407916,4.680548380106542
476,1.0199664069025336,-0.19504440933323247,0.03862427718831863,5.613263537589838
477,0.17963500920255815,0.854081443026928,0.48813538300950615,4.669832754232217
478,-0.29397862600269564,0.3725285431755345,-0.8802267048738529,4.545048664754458
479,0.777762649974267,-0.46062377830806156,0.4276809501979384,4.506258624992317
480,1.6506981154020384,0.9369453029518388,-0.011031441102565898,4.547421697294114
481,1.7145799705910552,0.11121482496883421,0.9519278699141804,4.65924484447421
482,-0.3837479836561751,0.513276030083881,0.7676491398947511,4.417631092747334
483,1.9297177473248002,0.940890436075911,0.33133908954390123,4.237100527276835
484,-0.31485039508405643,-0.6476320122199886,0.693860220407037,4.697302773160568
485,2.2039458714484175,0.976251201767314,0.07307306321087546,4.302483847582488
486,-0.013946493676358704,0.031200951835332048,-0.9994158273304984,4.635379377904989
487,1.1166626529269656,0.46306676723045626,0.07269319330383238,5.405105132167236
488,0.8984443632686794,-0.11095159000618401,-0.42483817011402925,5.243938020008538
489,1.0275898155125645,-0.06042016209442638,0.2253171922370664,5.675169034176479
490,2.6025106870350303,0.7339197245140955,-0.3135964125715243,4.343517592941383
491,-0.9012894760955642,-0.2847877428369147,-0.32645554338874183,4.067520799812335
492,0.17311425075628956,-0.45102649758117197,0.8755607087259852,4.71638775236407
493,2.912261386818164,0.40257036984877437,-0.07560594844600904,4.420750494343382
494,2.4157750068750827,0.8912534045777575,0.18110359600676415,4.70330243706718
495,-0.9187514246780419,-0.3946645107202132,0.01165090683350934,4.684797343186906
496,-0.17743565320929444,-0.9358093694823216,0.30459384918164517,4.315488837663008
497,1.2084015411922047,0.08954981447783812,0.6044441336799518,4.145473948812247
498,2.401828480982947,-0.654501723714574,-0.6404384166534582,4.424690635104169
499,0.9334715600445185,-0.041060949758743685,0.3562932008795047,5.564527625034474
500,-0.9880208198907628,-0.09723655448301789,0.11983284998136215,4.728278019168524
501,0.5700101211462819,0.3555146617688549,0.7407413766343675,4.7249566500436595
502,2.065747892983298,-0.8257262151144088,0.5602262330889995,4.55042456321212
503,0.4703156031864812,0.8127815928454183,-0.3437867300100467,4.072944588877209
504,2.482728189298193,0.36450004462519336,0.7963122583039395,4.339072749154894
505,1.861324165636608,-0.9318305835461758,-0.33535172063314467,4.6876721476057694
506,-0.943355220371728,-0.3059367880715078,0.1283885115650835,4.6739981664431
507,2.729315525091131,-0.679570072493614,0.07926778306520284,4.717580436899713
508,-0.23940545772666202,-0.7938825639512179,0.5589593021543947,4.516389184004173
509,0.8601592209413158,0.18735365297105208,-0.4743677090064535,5.112653829242884
510,1.6529780532452332,0.00392588751098573,-0.9378487915851803,4.417677056157961
511,1.9893847942705503,-0.9668255052050292,-0.25521708385678527,4.510326395295782
512,1.5295849239994042,0.8183186536930531,-0.3302487506249532,4.501942828255416
513,0.38764202480418386,-0.8366981613764656,0.3868718745979787,4.11218081983732
514,2.2546118181922745,0.5190421507752088,0.8159461181692512,4.676774793899775
515,2.00846147931214,0.8872848619308786,0.46114420429639125,4.58545587401328
516,0.7654915966753576,-0.6277710223297832,0.14116004725994696,4.534056487985997
517,-0.08869129160550229,0.43969175454098725,-0.8937589248684547,4.523035407927875
518,2.422207647280929,-0.9022232505068158,0.08794264507290059,4.541416362325891
519,-0.2302196224163728,0.3755572831079908,-0.8977503286320797,4.3155367142167185
520,1.650440942247121,0.06481159463296575,-0.9346699536970532,4.2339934074253405
521,1.5730407112012867,-0.2683843556252027,0.8635251029148727,3.93379843218314
522,-0.17403018482655613,0.6801861533931515,0.7120816606973269,4.395391947843618
523,-0.7845244719518092,-0.5358682707489653,-0.31203613462746405,4.030894127159981
524,0.550943735544219,0.3381989065005824,-0.7629433136913856,4.641927975717439
525,-0.971913934276981,0.218077559614824,-0.08846175643001396,4.457346243247775
526,-0.06851000624997522,0.9946586336656985,-0.07720480242779175,3.9773956893898017
527,1.5653853366854713,0.7383943405744534,-0.5156393043975771,4.732382979836198
528,2.4864070618509984,0.6944292110371343,0.5302605407154318,4.223948664706977
529,-0.6758831776733387,0.6475241532223927,-0.351986364979971,4.528120917358338
530,2.6864354730206683,0.678292734377308,0.2621551217692417,4.370817799901708
531,1.8895955901496664,0.9038132812823678,0.4134397403046771,4.291573708943789
532,-0.4546949242273182,-0.30065534791674353,-0.8383667977985383,4.433150048577197
533,-0.9129884861429582,-0.258323850470019,-0.31578602320041405,4.0674834173545475
534,0.06849531198100656,-0.9952361492496615,0.06937866720635336,4.217084755154661
535,1.9456537585962501,-0.9880034856773702,0.1445530986684541,4.273085624873944
536,0.9082667056361364,-0.3101897165768515,0.28077380782909994,5.422012355277899
537,2.4600348086980053,-0.2075934034565383,-0.8632919283924301,4.521344115329161
538,2.6957227141506515,0.2212406662412645,0.6833904247324308,3.9844750301652674
539,0.5097079385337964,0.5213608693281379,-0.6843834169009623,4.452848160059764
540,1.9055016034261636,0.8541104139601944,0.5114347014133077,4.509630488125747
541,0.04131875499476301,0.9943072258945856,-0.09821354804453515,4.258858769404963
542,0.07417570382805742,-0.38164398902223007,-0.9213282968653532,4.535966046665723
543,0.5209634455651607,-0.4288433965179265,-0.7380314557306106,4.606639278602662
544,2.354529525535556,0.40854938776894645,-0.8410684949973769,4.297468272121584
545,0.010046884184324294,0.26128754022155193,-0.9652087242887715,4.646283562937695
546,-0.390151209284825,-0.10820309731070492,0.9143708895333221,4.467368930438101
547,0.04688948829762383,0.5575424179533329,0.8288231585024263,4.45611777723868
548,-0.48278944824111736,0.8365894700580305,0.25890617461748744,4.0570790189069275
549,0.38825923602891954,-0.7363244954926927,-0.5541488996431116,4.623571412287297
550,-0.9690428045531488,0.14215858242323484,0.20185881300350506,4.640231634632398
551,0.7325010765656638,-0.3347307854178288,0.5927878829089771,4.433861620064874
552,2.0108945269197642,0.834305109351221,-0.5511953317959445,4.6848645652501855
553,1.4639059186279715,0.3055792813754592,-0.7869081513823192,4.221659482158292
554,0.9583249943840136,0.26381478669613595,-0.10961278875821227,5.743855321820364
555,2.01345088021952,-0.33825190827967516,0.9409594679721748,4.327081755259228
556,1.4043789151122024,0.7789571543833467,0.19611546311314104,4.712821669431131
557,0.5536773674312574,0.5955160330694275,0.5820670297754762,4.6841979675049705
558,1.3986370285441714,0.6655499436606656,0.4420473380251273,4.838463867126716
559,0.34664484126349804,0.9081355789540915,-0.23479166140031738,3.934458803172919
560,1.7428155202053934,-0.5543597248617537,-0.7915437061868273,4.505853761415301
561,1.6165274959636273,-0.7614436527154533,0.5226398400308019,4.463708698174624
562,-0.3128738597842707,-0.5123097942866203,0.7997803589371856,4.35563258976538
563,1.1724884257749615,0.5410951231029585,0.14980207701428183,5.1336085497670405
564,0.7940957395795762,-0.0974599009924236,-0.5999279324053121,4.827007063343252
565,2.7858141413144955,-0.42496598998069285,-0.4493328862546033,4.648470595776956
566,1.4163889383642387,-0.5730713145340347,0.5753150416898666,4.248696408020353
567,-0.5310602911583729,0.43154155242866754,-0.7292097473856476,4.6145828447809585
568,1.1721419618344049,-0.5243849290622724,-0.19917709410714668,4.669583087651013
569,2.5721022901791506,0.6335230873761623,-0.5209102296299682,4.512905193027303
570,-0.0006867781705296078,0.9595837133981475,0.28142250321672296,4.019940591677013
571,-0.12582908408156007,-0.41795845049598335,-0.8997098283658972,4.426905795270995
572,2.1371476829632683,0.6783587829669635,-0.721817064518003,4.306942114491692
573,2.57469868885669,-0.7975141975572405,-0.1835552279861074,4.555768400424902
574,-0.6954116417258317,-0.5862599469080944,0.4155742090210867,4.517236333501974
575,0.25000117505385133,-0.004578146830435475,-0.9682347096873218,4.418435549371199
576,1.8611084136676634,0.3112560653994794,-0.9401216883989657,4.2535650980132225
577,1.0033970551276907,-0.01803069014524833,0.0803583504355766,5.818967556013278
578,1.1285773862283357,-0.04576034312344044,0.4883939180667443,5.100961446849742
579,2.509518307377072,0.7498800494161074,0.4219846039078906,4.425091621621032
580,-0.415347828115185,-0.8851788743296846,0.20962953542006202,4.1465220456105465
581,1.5268634369057068,-0.8285874695818652,0.29930686245931876,4.653927973444454
582,1.7698021950833578,-0.9435963378440656,0.23798092742660598,4.504679050916738
583,0.5644082440195765,-0.1672385367047199,0.8083777618932886,4.483284541053867
584,-0.21810824543666565,0.9619613529243476,0.1644966527090989,4.074847367790892
585,-0.726730687349094,-0.1802000202117761,0.6628653413633789,4.533624318797087
586,2.903593760654051,0.010925051891690218,-0.42825104663997426,4.593292549238858
587,1.0176580778234383,0.1849584908143906,0.028190505673389477,5.756295845865578
588,1.309028206954902,-0.5449554154658919,-0.4749542887167559,4.596525751523104
589,1.3026926437138444,0.5133672216769103,0.5002164997048207,4.6551087267391384
590,1.9349252377180794,0.9409730343583608,-0.33216716262203105,4.398415486623237
591,1.6330744948250588,-0.92772189625437,0.06854018428856418,4.488939953678681
592,2.6224329038051213,0.7812099032914487,-0.04783688179730653,4.4771548133357415
593,2.7828780200229,-0.33098219550976615,-0.5268327932281353,4.643763004545305
594,0.47146156007186857,0.8345369499640106,-0.2850825784213522,4.181007129439993
595,1.7320638464899347,0.15036012394179776,-0.9516312577729032,4.253440602674673
596,1.83354667524603,0.15652835739034238,0.973546179701318,4.55199402028826
597,0.14179798312461794,-0.34116961222313397,0.9292451924423967,4.596928963707449
598,-0.4239973993993318,-0.32940846189685163,-0.8436327818034066,4.395912338063975
599,0.3143662855287452,-0.6144304671717,0.7236359855162166,4.237377332090522
600,-0.4895020468231927,0.0664988011385308,0.8694628546424757,4.534305416191023
601,2.017826858260016,0.03307565449362005,0.9992938527802501,4.717093385813981
602,1.4942681089690462,-0.07813448796568162,-0.8591450728396202,4.25397996068025
603,0.5205940904104005,-0.8130101379042418,-0.26076101835721766,4.730297345076611
604,0.8662360102443772,-0.46208047123365875,-0.19004423869295006,4.760798125785949
605,0.4223714932258446,0.4425417718454762,-0.7910493675378527,4.207574125314341
606,-0.45680291767835923,0.3736069972386815,0.8073096716965764,4.455486251176849
607,2.12771890877391,0.9477567205697953,-0.2923099022551042,4.580737408510286
608,0.16288885881885634,-0.2446079848013042,0.9558421174253284,4.638263230505197
609,-0.001218255862544541,0.9709931765498102,-0.23910409228275958,4.127706325598452
610,1.6527092947497186,0.6731249332869975,-0.6529103998514172,4.568211713437605
611,1.7030044486683755,-0.9319719482383367,-0.2078988460431261,4.502401164520924
612,1.6872833883391345,0.6616155071343934,-0.6815227373394426,4.4903962031494515
613,1.5253717386204486,-0.8039544510079737,0.3583088810011439,4.581174992199894
614,1.309028206954902,-0.5449554154658919,-0.4749542887167559,4.596525751523104
615,-0.6324659525541365,0.4943042907547365,-0.5963640557589345,4.3288963694979135
616,2.3943502784714132,0.6718746491367643,0.6269547939978359,4.475293900684841
617,0.4038602239358557,-0.874753431494689,0.26777481885111404,4.256024240304275
618,0.9304265547071503,0.2178503741341764,0.29469923784323154,5.609393235053939
619,-0.28587304804288327,-0.8396359362070744,0.46183124085789257,4.544357478080891
620,1.6583821185787262,0.9357153184561632,-0.08794353813510873,4.555437094074211
621,-0.38553564713245464,0.888549521894367,0.24868054192367253,4.0360334924480465
622,-0.4411884546432848,0.6367983427988982,0.63232951702261,4.266323389230602
623,1.0934817070499592,0.06867113333291355,0.41654394725372856,5.246720850032008
624,0.26722180241466376,0.2738063615805472,-0.9239169793180991,4.33336917675252
625,-0.43102927226221843,0.9004034262080549,-0.05905452163804354,4.004469377835734
626,2.82814235222286,0.3363636559421239,-0.44837454813586025,4.42119957828727
627,0.7670394948626684,-0.34555825717372346,-0.5405921792070999,4.357442286738577
628,2.29043621700006,-0.9568382862040848,0.010358470385335068,4.415533585690614
629,-0.3826380658109531,-0.03428542937082756,-0.923261945454978,4.3755530852681845
630,-0.6619741560917437,-0.5429854097783832,0.5166788765126992,4.656198063017953
631,2.849659373587987,-0.5169202289013536,-0.10427092512604814,4.689594852775379
632,-0.8249446657249278,-0.03775505392282265,-0.5639511099335404,4.350339506292057
633,0.11011304538634377,-0.2702722043302832,-0.9564664410224724,4.73831529138262
634,1.9568459081253842,-0.18416611138170094,-0.9819473345210629,4.542224639257307
635,2.802754805176203,0.15620110456655542,-0.5754875651990276,4.4325431447609205
636,2.363783995195948,0.019908212198845945,0.931270566444747,4.179889085227663
637,0.38925343241422217,0.292871737303221,-0.873331501116695,4.28198983173628
638,1.4895275864582989,-0.8179803474560023,-0.2651906223618554,4.581064224307596
639,0.5287671372978079,0.569205670368289,-0.6296111651920319,4.387422565302638
640,1.1732776016268862,-0.5325237677068461,-0.181517252225543,4.641564337062764
641,2.1063452450371742,-0.2389432818388215,0.96519262166786,4.532206625759098
642,0.4769916230396771,-0.3538801245031798,0.8045171527267696,4.525503689309035
643,2.3685003627531627,0.5724180921294101,-0.7324923279145753,4.195640335549187
644,1.3318691220101062,-0.731835334275167,-0.1342317897623682,4.269327532976199
645,2.1225521473904663,-0.6967450804726166,0.7067724273110775,4.373711656190249
646,0.5098885245386956,-0.7749851352200413,0.373378805948766,4.290078213484379
647,-0.6998308986384368,-0.6475139350147742,-0.30159976338286576,4.448344976503921
648,1.7731873985580011,-0.973452030365336,-0.0307764261199708,4.549045872789653
649,2.609824128650405,0.28053138161130564,0.7412264674490692,4.309458792213244
650,0.3184305053354352,0.6791571739540099,-0.6613225735891843,4.211204177125913
651,0.8152819689290727,0.5319310256439114,-0.22883333475818363,5.073302565073491
652,0.05944494959819113,0.20776034188124456,0.9763718237990365,4.4031676512472835
653,2.978545637963973,-0.1670512057762637,-0.12059157959980824,4.6646825631797455
654,1.3273821228473568,0.41949341623384145,0.609598609800853,4.451310689721959
655,-0.9438179314935095,0.24061995078346962,-0.2265165589449784,4.2156410639574124
656,1.979271267523796,0.9232119587645115,0.3837316755808983,4.3445816398390225
657,1.9220353112404513,-0.5090076330477036,-0.8572238545478077,4.543478695187363
658,2.023614964336195,0.2534627328876231,-0.967056863114335,4.034171282747217
659,1.9373095593093175,0.080251423577137,-0.9948012955660296,4.304236172082198
660,1.8487646082813805,0.9208351924435223,0.3594306673744142,4.359895475898545
661,2.4183066431308684,0.50649868937277,-0.7539752184098961,4.210011358419863
662,0.4281883817402273,0.8604898442640093,-0.2760650967818756,4.024221501819073
663,1.2067342815460822,-0.5133253476677923,-0.32745471040669094,4.54835083664393
664,2.8466434251187924,-0.5071081761260096,0.16135739341372524,4.288627028527726
665,1.0330898308628602,-0.23113460417565473,-0.10798851592531133,5.493553531929302
666,2.295445706993128,0.8424715120045881,0.4505037021823838,4.543334108621857
667,2.483524627246377,-0.8618376755539113,0.15310047629606893,4.596520234135185
668,-0.8709450239990767,0.4262390675710159,-0.24448930947474695,3.961469545938022
669,-0.09218867600767203,0.6099153621001583,0.7870860811183141,4.432640891171089
670,2.381181438008417,-0.4647600439628958,-0.7991863442611133,4.117753930397007
671,0.4676038644825263,-0.7163698238979166,-0.5178425449202443,4.422030687423251
672,1.9344993564055426,-0.17543041680465324,0.982310457314009,4.297886715532245
673,1.3580795287219778,0.7322588801331008,-0.2274533820817334,4.705503342362262
674,0.3506128779410449,0.6626113903101274,-0.6618283427393978,4.2142562609791865
675,-0.03760500619536698,0.7641405728316485,0.6439526756381765,4.576383429872421
676,-0.7648859613790432,0.06051034890235656,0.6413173658657405,4.628537091117336
677,-0.20711151334618066,0.35577399699016754,-0.9113340134687694,4.369591326843849
678,1.7569056334110014,-0.7428407333241065,-0.6237730146833841,4.457966456639777
679,-0.1368576047424572,-0.9516577079139177,0.27498655056599736,3.9392114259825806
680,2.1804247399324135,-0.687783611311885,0.7031362721628738,4.293429146104462
681,2.411070946461271,-0.6764190075584238,-0.6111284670092791,4.3493515486583325
682,0.057744552942649095,-0.27891657715355517,0.9585776492253502,4.353706964185986
683,2.927758662576652,-0.3416814450901404,-0.1500588354449535,4.583264253485322
684,0.8131723457532216,0.5457622665770346,-0.20222335296127603,4.951823603724642
685,1.3662401462118479,0.5799360840582096,-0.5118814180390311,4.694692666177876
686,2.163928241171885,0.9767110487208686,0.13843070126555532,4.447369854815129
687,2.338255231318461,0.9328647355509946,-0.12388213612570252,4.737781065844222
688,2.371847105012792,0.41826541463688777,0.8287241841603501,4.372946956844509
689,0.03361404162426433,-0.7192195764051957,-0.6939692335552152,4.718523657506654
690,-0.4229467620704562,-0.3712204927924072,0.8266265070665707,4.219013456387552
691,2.113655367650789,0.5179876422762967,0.8478037861753197,4.2502728867636295
692,1.9913309377487376,-0.4882871409242914,-0.8726399689262834,4.242712142806401
693,2.909108466153253,0.33885013761366123,0.24228574247710585,4.170091588444832
694,-0.44043562890787685,0.4176924936689852,-0.7947008478170309,4.4275860116348635
695,1.719553452200815,0.7861498424587394,0.5507432786967251,4.760433491135036
696,1.723496090608104,-0.7229397415357309,0.6331695809175049,4.546910441524912
697,1.628329336947092,-0.31937056311411577,-0.8717014177125011,4.318749129644644
698,-0.9931622826953513,0.11668041734431925,-0.0037895170819820753,4.3990216690154025
699,2.5708040432926516,0.8188233984414338,-0.06091786540565636,4.571344305575051
700,2.3418101889181924,-0.7694780274394303,0.5395084429734471,4.516879224225743
701,1.8481897045067475,0.3430695442608116,0.9269611221528821,4.665949654215995
702,0.4033920457223288,-0.8962292920914506,0.18452076697545913,3.965398825963187
703,1.1682305345504356,-0.05661963977152392,-0.5522261970767856,4.970581889585305
704,-0.2049042607664005,0.7605529216521462,-0.6160953637921317,4.6777272269454215
705,1.1832548487988168,-0.5431743527537497,0.19465091959685618,4.462661511996229
706,2.761034127058808,0.6151035959908936,-0.20609372540402465,4.448114319688468
707,1.8567206837739987,0.3241373561718799,-0.9350967927844225,4.180063816299666
708,2.6513182371533106,-0.7453699694499142,-0.14215541703972426,4.445452625733206
709,1.5357938239860882,-0.8620177686967909,-0.20356323980902571,4.708290468463321
710,-0.3434415072579171,0.06128253710240403,-0.9371725464068518,4.840960464918894
711,0.550320037390298,-0.833552437524559,-0.04835483785111151,4.561019335429841
712,1.7724102090544414,-0.7060712194552016,-0.6705716368251803,4.3611341571120255
713,-0.5106468744794588,0.6070877959022801,0.6088383838514712,4.02343192767024
714,2.380919951580284,0.28281121226990236,-0.8802941603251169,4.149867323630406
715,-0.83180689983072,0.26610489101788626,-0.4871195627054671,4.193740744002861
716,2.102630399113455,0.4551659161263912,0.8844721533064994,4.435627965032263
717,0.3552573331652609,0.7616029405873196,0.5419900258501577,4.715221008838071
718,2.1847637962749937,0.4729029129642828,0.8615249122898007,4.642156088865893
719,-0.5718897392250388,-0.04929752470287954,0.8188478981027466,4.4953782979000305
720,2.9624943800352472,-0.21640244555227559,0.1636293065424386,4.546973002534235
721,2.9142715757181445,-0.24138081438505318,0.32533488635661145,4.2386504239686085
722,0.5841489682158191,-0.33186685225388446,-0.7406985725026697,4.249880186267254
723,-0.1122417954509704,-0.9933669495846267,0.024977646543982917,4.362916820093
724,-0.37053310025104824,-0.756074064472593,-0.5394972017075157,4.374244013346895
725,1.59044266932582,0.9046924058376737,0.11744974972592367,4.852978874525735
726,2.286969689058187,-0.5807753390639342,-0.76180601408562,4.311203673790016
727,0.19713157436185305,0.9501107133416118,-0.241720447590002,4.009255954477012
728,-0.4244596766723163,-0.2666728301615433,-0.8652858397852501,4.482615698334414
729,2.5124399204931884,-0.7421171823783095,-0.43205024650359114,4.201110632300395
730,2.2515578632324216,0.26437612153224455,-0.9310337844619315,4.301310326527461
731,-0.4315396386204238,0.7494461316239347,0.5020996276569759,3.988098375944832
732,1.9195144084791544,0.8848877722163336,0.45879810389707754,4.347171744942472
733,-0.3332135055615959,0.07775421167864081,0.9396398471103624,4.5235088514379225
734,2.52551833411614,0.37580161645976834,-0.7632847604754218,4.354962597055703
735,-0.6397950060996539,-0.7636149039006834,0.08691736714083005,4.360670239529798
736,-0.2942260967919717,0.10641332279251622,0.9497932452375185,4.656220212019594
737,1.3302436376597038,0.7351836285672388,0.10455356230852264,4.8295776343759105
738,1.5889251524866053,-0.7603843441473345,0.5028251375154861,4.546698462891426
739,0.5467293304911502,-0.5677148050183236,-0.6154566916881361,4.454452958466473
740,-0.40414998115324696,-0.4183612095466842,0.8134105304706017,4.248046877845608
741,1.421972236731226,-0.5834848807129887,-0.5704641083099333,4.549607386239363
742,1.9981653199361784,0.35710783334769625,0.9340613627116676,4.382694324185999
743,-0.8850990281738159,-0.09070932626171975,-0.4564773033294336,4.133971214495617
744,2.575828165682513,0.7841097337162878,0.23150345374979764,4.564020211993041
745,1.8351551368757302,-0.06019487273106007,0.9844809538017646,4.608800948343383
746,-0.8873226747757879,0.3929945465963225,0.24127527261261658,4.371411244534085
747,-0.7012545002692383,0.0041746097950365775,-0.7128987996098745,4.540256397445236
748,-0.23223154916026068,0.481070831950819,-0.8453634497781249,4.488137263207423
749,1.7698021950833578,-0.9435963378440656,0.23798092742660598,4.504679050916738
750,-0.33431836668176323,-0.09695228421853576,0.9374601241034449,4.499618246253794
751,0.8736152419426795,-0.2640692915767283,-0.40873441045695974,5.048533966023042
752,0.4004077891015486,-0.04017550767165815,0.9154559142908709,4.730799254425454
753,-0.053507997453982985,-0.1323332932440811,-0.9897599677233064,4.909400047468894
754,0.8435400485705892,-0.3669491364509313,0.392158791454997,5.048426483486808
755,2.5532059715917854,0.6614572672534522,0.5063965211104674,4.319203550023794
756,1.9538952465389419,-0.8928088637665419,0.448069954904579,4.5136465298105835
757,1.1056675956879758,-0.4369087982401638,-0.09633406779436766,4.811628795540838
758,1.0934100329261556,-0.20618211256709734,0.368216740600444,5.256571730897812
759,-0.6521168629825504,0.14787156228687412,0.7435573939385155,4.459318391243241
760,1.3325259411135248,-0.7415867746751984,0.06728622697440338,4.1723248874612535
761,2.646612120362219,0.29468920468062215,-0.7035986344823149,4.495789028748203
762,2.614840184560702,0.31636620522305403,-0.7224153733428756,4.455973196723311
763,1.6367476998436024,-0.8561388197173407,-0.36752426831990975,4.674121537106948
764,2.719233775700975,0.5605639873555915,0.4104519362494463,3.686289281470239
765,0.9840457000472929,0.16584711393606302,-0.06441114047672084,5.716174777026591
766,0.1697545928383671,0.04055522631628923,0.9846515382757063,4.517713192472838
767,0.9223437314397144,0.10388236289471793,0.3721431119250686,5.386169809858568
768,2.9008296623890315,-0.3971707924756252,0.17538894196712385,4.361886803168845
769,1.6177206509977091,-0.26632250253560413,0.8848360435524526,4.131819841543873
770,0.6637243357331258,-0.15244917946814054,0.732276760409008,4.309541778847827
771,1.8952082827071046,0.8220146979907414,-0.5597414870044884,4.700951778036781
772,0.054837332598826595,-0.7078422438591516,-0.7042387555097255,4.783462654015165
773,1.5621239091967352,0.7127661762117097,0.5479314803434723,4.715505689412343
774,1.6527092947497186,0.6731249332869975,-0.6529103998514172,4.568211713437605
775,1.5117579243342603,0.8606217607567695,-0.1447406662328449,4.824680761579894
776,1.7963470678814053,0.9464625897368665,0.2504676615215687,4.571571229771929
777,2.978318862240194,-0.19510689888311386,0.06946583184031227,4.503292128536966
778,-0.8373946634309088,-0.5436108818177431,0.05707352124033166,4.71455573924947
779,0.14665970320480237,-0.9188058993802333,0.3664514302332028,3.99293260722088
780,-0.21119893644222928,-0.8703973899867663,-0.4447509333884484,4.391769684987576
781,0.5209327615763142,-0.6292592817211079,-0.5767684234459358,4.579310436034479
782,1.2185728701870135,0.588297953579005,0.20803162886203733,4.918457023905089
783,1.0333060652494108,-0.24563692878067997,0.07187027017911408,5.455990730232224
784,0.8741444198369142,-0.057356665907133,-0.48226729740259433,5.055094676095892
785,0.42762102575956823,0.5856695903207277,0.6885719928241966,4.774872097718176
786,-0.7209383806756143,0.44366261265849133,0.5323639144399855,4.333100749260527
787,1.2092597354410795,0.5372392136147179,-0.29343459468836963,4.9195764501125705
788,1.0015479313021505,-0.052095162587556074,0.019482313721961294,5.778139511686617
789,2.2008349701602063,-0.02051088283324739,-0.9794103422193119,4.37212014011003
790,0.7721069964255303,-0.4406570696726757,-0.4578996975520258,4.592427494424146
791,1.238927627219991,0.1435726055544019,0.6325786514934938,3.751790764320464
792,1.119470113576556,-0.4052278355535867,0.2458811103107998,5.151517085415305
793,0.8329351259542257,0.004246805551151016,-0.5533543535513465,5.014697505668913
794,1.789803980216994,-0.6466288300382697,-0.7332726569501421,4.3338017506953275
795,1.910544408756152,0.7700571643822853,0.6316721149288825,4.638801419151683
796,2.8466434251187924,-0.5071081761260096,0.16135739341372524,4.288627028527726
797,2.6868294268967863,0.7267631003610884,0.008985226884760963,4.419263927121886
798,0.39429827702109854,0.763780155137385,-0.5110467134778437,4.109134032574117
799,1.972528582118216,-0.16971643906100858,0.9851099692481115,4.409976733133836
800,1.7428111435732485,0.580117194784781,0.7728634630029655,4.289364295484276
801,2.7083747675480097,0.6881820856511828,-0.1568776774754504,4.324804336193537
802,0.5374138115959717,0.34161764811984324,-0.7710277411344916,4.623446301966133
803,2.549552030983051,0.3311845675780122,-0.767013264188155,4.54614489857639
804,1.1721860539042344,0.03791316088363905,0.5597201647977033,4.526619695950116
805,-0.9998515668183471,0.017207517741815684,-0.0008635184197855694,4.402604232816667
806,-0.6480462372968819,0.013493583421733102,0.7614814492368112,4.295395314991233
807,1.6072819640915283,0.918738907479232,0.04112619792856451,4.728970013404134
808,1.25542227758896,0.15584145188767656,0.649089714263544,3.808706348234738
809,0.5426051238195624,0.15421563012312614,0.8257101301488826,4.799147260071391
810,-0.6447193912530854,0.5833833399355534,0.49396435623219787,4.267149084648948
811,1.5505376644363893,0.19490605188348345,0.8717770585699632,4.50830067748023
812,2.116782946341638,-0.6317738984179148,-0.7663050859296161,4.3446451533009345
813,-0.23453835087711838,0.8739881853551755,0.42560123804731714,4.115919920866156
814,0.12449931596446279,-0.9774356917940373,-0.17064404100786085,4.728192678835184
815,2.9202493190757317,0.2783354621198292,-0.27508282619457264,4.36738380021582
816,0.1792984510091686,0.7027569050585903,-0.6884655386133602,4.267422075934286
817,0.29101457885482146,0.08750943221620439,-0.9527080424595714,4.467425744504691
818,0.7277706118936272,-0.6503867094328794,0.21759380656867652,4.577534012544036
819,0.8253973232827921,0.5175357861484045,-0.22555701889623145,5.088215283904135
820,2.5316638477385114,-0.31190233473228124,0.7874328457693603,4.621175492475598
821,1.1109884798744822,0.09699889735344233,-0.4474927161377402,5.346741039467353
822,0.9229111538764768,0.04170768053602245,-0.3827472683569344,5.405480477184899
823,0.20604572919937467,-0.034818506788067194,0.9779227111913024,4.593130870811294
824,1.0682356941438966,-0.26563099880747004,0.24749838545946096,5.440498130031756
825,2.173652429828329,0.7511660659521928,-0.6368629169425892,4.360527733723798
826,0.607353488092407,-0.7596622167745458,0.23245441898826014,4.5817872711647105
827,2.3902582635703906,0.056631913714174864,0.9189620852157578,4.441288675870722
828,1.223440179458131,0.2790490280565577,-0.5648774071076579,4.501970645372602
829,-0.6906656535487747,-0.46385357049344766,0.5548160236948138,4.596149893598497
830,2.7776683169923855,0.3716574177885118,0.5070530076323445,3.770880172692361
831,-0.6007996079221067,0.03548016145901455,-0.7986119140505512,4.481836966098012
832,1.3338102902033593,0.7455076499247899,-0.020238934376221002,4.8993116565956605
833,-0.37084826595774495,-0.36939726558423763,0.8520664433100401,4.337842119848759
834,2.7723277004793587,-0.2551428072513942,0.5817319580185912,4.230849095153862
835,1.3876754513185192,0.7906046727944188,0.0017024798533216315,4.759582578149993
836,1.3348514942266658,0.6202989435495334,-0.41570023562518454,4.717764517764557
837,1.5196907143526794,0.7707331677011681,-0.4186566305772357,4.8339626472310355
838,0.5249970076621459,-0.6441524631657114,-0.556278478950372,4.628711282305859
839,2.709096984817907,0.6840747711628877,-0.17094786802003778,4.424924495421871
840,-0.19759340580731163,0.9230306663359141,0.33010791415072943,4.097952537856744
841,0.9626119435821925,-0.23323596580945885,0.1377651273938464,5.63554517150101
842,-0.44221372389936925,0.6168488087646737,-0.6511102591118154,4.705969484834642
843,2.732978796380735,-0.2982853819765497,0.6113656147963782,4.3015699510822305
844,2.72682168142103,-0.6578054057324416,-0.19754060748485305,4.651861005222135
845,2.61721615149864,0.7275374191731343,-0.2995555474901158,4.369633750734537
846,-0.43001305653941857,-0.6195858159086377,-0.6566598723315248,4.332867616782311
847,-0.792755696786212,0.35105086767645377,0.49829879943324806,4.424648531351975
848,1.3307812473762777,0.18013178941670285,-0.7209013799253581,4.184675227712547
849,-0.30832465308975526,-0.9509637657786728,-0.024572840151829436,4.510488415345917
850,2.9703062795601003,-0.107697574176762,-0.21658013843073654,4.705343490244199
851,-0.38217042019792863,0.4118114045557489,0.8272588089609925,4.348001573147761
852,2.6705235238562848,0.7339076000269463,0.10852575076007737,4.44810131440681
853,1.663349531086923,-0.6528968204688417,-0.6785220730398405,4.4648326358578725
854,0.5894303856781452,0.5384675526502658,-0.6021831242920596,4.398089790722145
855,-0.577394289006308,0.7843580994137958,0.22671172644324836,4.2478974731125705
856,1.22057557046737,-0.5624053454682931,-0.27603946463580864,4.529742246183238
857,1.7967352833541725,-0.8589027611858363,-0.47007393226410404,4.744989264918302
858,2.632164327028975,0.7731119017420619,0.05163575327982691,4.511011790477355
859,-0.8152124885397086,-0.5569253088018059,0.15894275367222171,4.513335166489135
860,2.961414746349955,0.12572991700344666,0.24469097545916524,4.577800389129746
861,-0.2302196224163728,0.3755572831079908,-0.8977503286320797,4.3155367142167185
862,2.7892064519060007,0.6005645960893502,-0.1283563095214902,4.320090834853932
863,2.065097827786079,-0.9978074432677092,0.011940643914428084,4.6511354466983015
864,1.243682389509708,-0.2883101698420084,-0.5872485998518236,4.679899556274899
865,2.2996529845248506,-0.6197559284515577,-0.7253348730169378,4.444631436269122
866,0.9982202109430116,-0.0555417656091661,0.021714574320163722,5.778139511686617
867,1.2186113850853524,-0.16158383814985233,-0.6027623874550658,4.608953801917249
868,-0.31509038172323334,-0.19149040496250133,0.9295426166415419,4.651735735312988
869,2.8365849364251066,0.5194567392558868,0.17404120255917072,4.002292647661479
870,0.43868109579480596,0.29460205957422464,0.848980872980595,4.554776476845878
871,0.39429827702109854,0.763780155137385,-0.5110467134778437,4.109134032574117
872,-0.8096197422601181,-0.5864540848013278,-0.02423797356415811,4.42318115394918
873,0.057744552942649095,-0.27891657715355517,0.9585776492253502,4.353706964185986
874,0.956172629850345,0.03548262560125633,-0.2906456351048751,5.58033900310574
875,1.592718143727021,-0.6217827723956502,-0.6689601434336843,4.360515196894161
876,2.9425658751249264,-0.2959305407805234,0.15490218230653896,4.527254300649815
877,-0.5268502908845392,-0.7813373243849299,0.3345754870247899,4.285845754871911
878,0.31498232852855557,-0.9190569319786758,-0.23689763294864935,4.746416867971703
879,-0.9438179314935095,0.24061995078346962,-0.2265165589449784,4.2156410639574124
880,0.9221833355992691,0.017632247902812037,0.386350875988265,5.498958602926354
881,1.9476080526003972,-0.8495483972106245,0.5249024715549893,4.444990480576104
882,1.5357938239860882,-0.8620177686967909,-0.20356323980902571,4.708290468463321
883,0.17941782920077684,-0.8072985516960943,-0.5622084053038244,4.736747929774614
884,1.8049804714805864,-0.391834680657968,0.8991290043868755,3.8870321409003536
885,2.7855126908840337,0.12918187160887729,-0.605212240877324,4.568382778477839
886,2.4598926976685758,-0.8841221383230694,-0.08262415602088234,4.6438357610831975
887,-0.5711996327591178,0.16827626093656917,-0.803376673510662,4.2624874639377905
888,0.6765361406235242,-0.7165714818305715,-0.16977680011522822,4.361677191989316
889,0.9192853647493061,-0.06217721696994648,0.38864947169346276,5.430499297126537
890,-0.5876163204615538,-0.6534330270803996,0.47721309605643736,4.235734619197917
891,-0.6646949528510172,-0.35335583393332337,-0.6582706694663447,4.158341791450521
892,1.730093989278856,0.8564827321059162,0.439986448633345,4.5677658419207585
893,0.12933310287175237,-0.8549502071496975,0.5023276737312549,4.269216533645086
894,1.8341518691390384,-0.9088366045551277,0.38276680069022684,4.2962780428907985
895,0.5240977107777495,0.7856646708782,-0.32871357515528965,4.08475365422747
896,2.466956982229826,-0.6370666536665122,0.6132676866858109,4.461243992345364
897,0.5324454944200593,-0.3572565672636814,0.7673783555839644,4.341910647814611
898,-0.8850990281738159,-0.09070932626171975,-0.4564773033294336,4.133971214495617
899,0.898689863110105,-0.17506981824278126,-0.40212819931407445,5.128953658432146
900,-0.22481731920221806,-0.8095951421011922,0.5422295444485465,4.48645385853021
901,0.2636006098418702,-0.8192722966028908,-0.5092225667721523,4.810783519652336
902,1.362271293748056,-0.1547265258240804,-0.754560666499806,4.350362925611171
903,2.3095492317526585,-0.34480274903370706,0.8861660890488516,4.5291859692904906
904,2.2381577333175366,0.41696724783385675,0.8771654395237607,4.284019509977313
905,1.415927444710702,-0.10606498297646842,-0.804741865161762,4.419028844769263
906,-0.6501422115774362,0.751647746684376,-0.1110890166915725,4.290016020919906
907,0.6942152609000907,0.28667346550209516,-0.6602147345450857,4.698004275009488
908,-0.20684845225870402,0.9454211910627345,0.25177865137397776,4.1436389127327615
909,-0.30048038676651934,0.9420025038627986,0.14947514805097484,4.0084281760170875
910,0.13488013599682872,0.7559300457467665,-0.6406068332844792,4.237371035460208
911,2.9904771558181302,0.08879907687361123,-0.10521277369607546,4.537785349250494
912,1.8405870713449404,-0.17856239343421798,0.970928931399544,4.538810076256575
913,0.2882818596775244,-0.5836858651687448,-0.7590812737665723,4.452103444110878
914,1.9456273125385564,-0.9919609700303909,-0.11426742665600777,4.509392161738164
915,-0.7376660170010125,0.6409154228627351,0.21231172388387648,4.543622904641754
916,2.0541015707192063,0.6095868842477964,-0.7908709443384417,4.501508775261388
917,-0.2717386490926821,0.005908241913829822,-0.9623529494248831,4.634578707709436
918,1.2495796567030661,-0.3767120114850217,0.5430997779128813,4.058386136785911
919,-0.8473220500643199,0.07558031179859574,-0.5256738151584359,4.358102600838469
920,0.278931942169227,-0.3733041294755321,-0.8847830234324221,4.29901048159883
921,-0.7428287064959239,0.6442115969524771,-0.18220025015770874,4.4331836135280795
922,1.0712047518176826,0.21817465966123512,-0.29956502605553215,5.575579930059675
923,2.8988965368857738,0.23790647299538345,0.3679477219411191,3.989596316596694
924,-0.09747793451959592,0.9735728090750643,0.20652853970210058,4.13922331671641
925,1.5159782807441278,0.845251181765661,0.22643633765882806,4.793879676535456
926,-0.4018087735260259,0.4029175349844206,0.822318168058805,4.515080028258385
927,2.7675220355470116,-0.48625993396957545,0.4176855295143417,4.036421304761696
928,2.1932463344615387,0.9242077513029535,0.3293871379527703,4.627887585939786
929,0.05481686314062062,-0.7495011219004826,-0.6597296262752949,4.552386157665576
930,2.2546118181922745,0.5190421507752088,0.8159461181692512,4.676774793899775
931,-0.9065435956273499,-0.03463277200201377,-0.42068905420808433,4.181385305812577
932,1.320487508114093,0.5018829216405852,0.5351413891080709,4.610608083454633
933,-0.47252737993503574,0.16259057247292277,-0.8661883057134041,4.639231152278616
934,2.267339159146611,-0.3525323789329789,-0.8968002541205246,4.2789654496111975
935,0.10916498449638803,0.6657572622348021,-0.7381397387632807,4.417860004690415
936,0.6144330519257862,0.5904021728855567,-0.523351983805524,4.247234153203364
937,0.5102604623019857,0.8086321479529109,0.29282812349298915,4.600670327723316
938,0.3243806274136895,0.8876626385646151,-0.32685202868455115,3.6380102550404576
939,2.286969689058187,-0.5807753390639342,-0.76180601408562,4.311203673790016
940,0.9013630166290331,-0.2036003158929977,0.3822193396751151,5.3861931542200345
941,-0.4983022672436986,0.05730641289871038,-0.865107406915738,4.564235422637409
942,0.864491902401274,-0.4754347847151095,0.16314262522567013,5.265633445956663
943,0.7136910948643571,0.6937473861805725,0.09674494963014311,4.422173637112818
944,2.960684725879973,0.18334181546657477,-0.20849612984979196,4.455803410849531
945,1.5087802350962143,0.7532830520674446,0.437341726840494,4.9364330210869545
946,1.2202810023214243,0.44291397204679017,0.4425669418572211,4.685654874935468
947,2.4775012604038698,0.061214914937730826,-0.8764960242362095,4.3488450897786155
948,1.4747365355676338,0.3542998206908743,-0.7736730123191081,4.163960538817871
949,2.017826858260016,0.03307565449362005,0.9992938527802501,4.717093385813981
950,-0.9868226820353295,0.10570243916534897,0.12250709601935061,4.632109407566394
951,1.4518002227962232,-0.6788758036717152,-0.48847174684193595,4.467337081358522
952,0.6883921843342662,0.6968790026924655,0.20118612316422912,4.334344179423906
953,0.5823767074815893,-0.5350107358639608,-0.6120464713509965,4.552063058516775
954,-0.32263665374484884,-0.48814948634062927,0.8109350582171833,4.361580480078489
955,1.3309163858879225,0.36597659039382135,0.6468293844673676,4.389976026100531
956,-0.7271543002100648,-0.6854445315964769,-0.03758214723106376,4.3136435057637295
957,0.5722238206073097,-0.28061251270246784,0.7705949109904509,4.275311145754488
958,2.300139162739468,0.9491030963011282,0.09549762081676484,4.595632349811163
959,-0.9443402066892463,-0.3120898775514988,-0.10402635416086635,4.43113648494937
960,0.0034406518047626097,0.8915975969786951,-0.45281551097215605,4.133852049443466
961,-0.33791640946460527,-0.00985795177666074,-0.9411244981410897,4.587643261332829
962,2.1081765854057815,-0.08760050309638287,-0.9902646001080754,4.219653807799158
963,-0.8097405601929745,-0.25312173258302717,-0.5293860724202463,4.065154502536096
964,1.2186113850853524,-0.16158383814985233,-0.6027623874550658,4.608953801917249
965,2.8505286266691865,-0.5220113290230697,0.06407204997341628,4.614739629098659
966,1.837128057407941,-0.5819933898260621,-0.796716025014596,4.306332862890843
967,1.6371776226676402,-0.42346766222750565,-0.8300813583947455,4.375314670832483
968,-0.4042570093465427,-0.1375867633424263,0.9042378851536493,4.499077724054522
969,2.2039090297128086,0.09188852014515367,-0.9746679472862103,4.279030195968547
970,1.9568459081253842,-0.18416611138170094,-0.9819473345210629,4.542224639257307
971,-0.3434415072579171,0.06128253710240403,-0.9371725464068518,4.840960464918894
972,1.781845834397055,0.543385112299094,-0.8106425721375505,4.585774917691674
973,-0.07290089562874569,-0.7847537662208218,-0.6155054718024549,4.611132935796521
974,2.094170404017678,0.5505648286271365,0.8294638656903138,4.374744393477982
975,-0.5760705408787921,0.5964629678439166,-0.5589048755579457,4.144402911415604
976,2.256560746000038,0.9664778383749747,-0.009857562677460904,4.528030232903635
977,0.4281883817402273,0.8604898442640093,-0.2760650967818756,4.024221501819073
978,1.1390861232755638,-0.4493225474058554,-0.23861379938305155,4.926351790343674
979,2.5926339533559895,0.6222470337455458,0.511462243302984,4.331250133119416
980,2.9624943800352472,-0.21640244555227559,0.1636293065424386,4.546973002534235
981,0.5547527835051305,-0.3497567051285199,0.7549301930714862,4.4040046340627
982,1.0509543213787773,-0.28971286935179086,0.12401110120603996,5.485849112589468
983,2.971294016382598,0.030984546136353146,0.2358556584864681,4.546194575034808
984,2.761026880502761,-0.5558154576430983,0.3345254313161098,4.404402252638835
985,0.8644412635291978,0.1257771495847539,-0.486745735009952,5.1502315443152655
986,2.395947363736143,-0.9055367903504535,-0.1524099946597904,4.563884093603479
987,1.0610908907108172,0.28826568131197056,-0.1880228216774194,5.686646389453972
988,0.5204045889300289,-0.7255926257783772,0.4502159540005298,4.471888944263518
989,1.2418524949937106,-0.3383685276690738,-0.5574218332069539,4.816593417839681
990,0.7707304336580543,-0.17440327276381454,-0.6128279506374836,4.684427269463864
991,1.6210061243666798,-0.6383274248741786,0.6700012991673489,4.503222203509905
992,1.9226556662531524,0.058881568189283515,0.9952641935510524,4.640726957832464
993,-0.2840729886184846,-0.31122560589689374,0.9068854168920534,4.663706407764726
994,2.8425382942184507,-0.5114833717182814,-0.16886083983908617,4.693157942562182
995,0.8061429236975929,-0.40247530023487454,-0.43375940251842915,4.632975242923176
996,-0.6493781460777964,0.5718839834895922,-0.5012551574045299,4.262892771341774
997,-0.8984034251138231,0.13667746294194183,0.41736142235178536,4.420910417670814
998,2.2319646186253514,-0.7758912966024243,0.5866729170181662,4.302905696026292
999,-0.9392443058579099,0.11053712431339716,0.3249641181146277,4.721182245588924
